Designator,Footprint,Quantity,Value,LCSC Part #
C1,CP_Radial_D8.0mm_P3.50mm,1,470uf,
"C10, C12, C13, C14, C15, C16, C17, C18, C19, C3, C4, C5, C6, C7, C8, C9",1206,16,2.2uf,
C11,1206,1,0.1uf,
C2,1206,1,470uf,
"D1, D2",D_SMA,2,D_Schottky,
J1,SolderWire-1sqmm_1x01_D1.4mm_OD3.9mm,1,BAT-,
"J10, J11, J12, J13, J14, J15, J16, J17, J18, J3, J4, J5, J6, J7, J8, J9",PinHeader_1x02_P2.54mm_Vertical,16,Conn_01x02_Pin,
"J19, J20, J21",PinHeader_1x16_P2.54mm_Vertical,3,Conn_01x16_Pin,
J2,SolderWire-1sqmm_1x01_D1.4mm_OD3.9mm,1,BAT+,
J22,USB_C_Receptacle_HRO_TYPE-C-31-M-12,1,USB_C_Receptacle_USB2.0_16P,
"R1, R2",1206,2,4.7k,
"R3, R4, R5, R6",1206,4,5.1k,
"SW1, SW2",SW_PUSH_6mm,2,SW_Push,
U1,ESP32-S2-WROVER,1,ESP32-S2-WROVER,
"U10, U11, U12, U13, U6, U7, U8, U9",HTSSOP-16-1EP_4.4x5mm_P0.65mm_EP3.4x5mm_Mask2.46x2.31mm_ThermalVias,8,DRV8833PWP,
"U2, U5",TSSOP-28_4.4x9.7mm_P0.65mm,2,PCA9685PW,
U3,SOT-23-5,1,MIC5219-3.3YM5,
