Designator,Mid X,Mid Y,Rotation,Layer
C1,146.25,-123.5,180.0,top
C10,130.525,-114.5,0.0,bottom
C11,179.5,-91.475,270.0,bottom
C12,129.5,-84.725,270.0,bottom
C13,134.5,-84.475,270.0,bottom
C14,126.025,-96.75,0.0,bottom
C15,139.25,-101.475,270.0,bottom
C16,127.0,-106.025,270.0,bottom
C17,138.25,-111.25,0.0,bottom
C18,127.0,-117.475,270.0,bottom
C19,137.775,-113.75,0.0,bottom
C2,158.25,-117.225,270.0,bottom
C3,140.225,-88.75,180.0,bottom
C4,129.225,-93.5,180.0,bottom
C5,134.275,-94.25,0.0,bottom
C6,125.026548,-83.725,270.0,bottom
C7,127.0,-101.025,90.0,bottom
C8,138.75,-107.225,270.0,bottom
C9,127.0,-112.725,270.0,bottom
D1,162.5,-123.25,180.0,top
D2,160.5,-112.25,90.0,top
J1,140.5,-130.0,0.0,top
J10,110.25,-79.73,180.0,top
J11,114.75,-104.98,0.0,top
J12,110.25,-104.73,180.0,top
J13,114.5,-110.495,0.0,top
J14,110.25,-110.505,180.0,top
J15,114.5,-117.77,0.0,top
J16,110.25,-117.755,180.0,top
J17,114.0,-125.48,0.0,top
J18,110.25,-125.52,180.0,top
J19,169.0,-103.99,0.0,top
J2,151.5,-130.0,0.0,top
J20,174.0,-103.95,0.0,top
J21,171.5,-103.99,0.0,top
J22,130.095,-130.545,0.0,top
J3,114.75,-98.98,0.0,top
J4,110.25,-99.27,180.0,top
J5,114.75,-92.98,0.0,top
J6,110.25,-93.005,180.0,top
J7,114.5,-86.52,0.0,top
J8,110.25,-86.505,180.0,top
J9,114.5,-79.73,0.0,top
R1,155.5375,-112.0,0.0,top
R2,155.5375,-109.5,0.0,top
R3,123.5,-127.0,90.0,top
R4,121.0,-128.25,90.0,top
R5,182.0,-91.4625,90.0,bottom
R6,179.75,-81.9625,90.0,bottom
SW1,179.75,-91.5,90.0,top
SW2,179.75,-81.75,270.0,top
U1,146.995,-93.595,0.0,top
U10,121.6375,-103.525,270.0,top
U11,131.8875,-107.875,270.0,top
U12,120.8875,-114.225,270.0,top
U13,131.225,-120.3875,0.0,top
U2,161.5,-101.5,90.0,top
U3,154.0,-117.5,180.0,top
U5,145.5,-114.0,270.0,top
U6,131.6375,-89.825,270.0,top
U7,122.1375,-94.075,270.0,top
U8,132.1375,-98.875,270.0,top
U9,122.1375,-84.025,270.0,top
